{
    "test time": "03-11-23 21-06-36",
    "data": {
        "velocity setpoint": 0,
        "motor pos": [
            24.937482833862305,
            24.630422592163086,
            24.044647216796875,
            23.279949188232422,
            22.20557975769043,
            20.93820571899414,
            19.42253875732422,
            17.62071990966797,
            15.637508392333984,
            13.341510772705078,
            10.788965225219727,
            7.98138427734375,
            4.960294723510742,
            1.8759326934814453,
            -1.3375130891799927,
            -4.479111194610596,
            -7.633528232574463,
            -10.589360237121582,
            -13.457472801208496,
            -16.24156379699707,
            -18.94432258605957,
            -21.587127685546875,
            -24.127357482910156,
            -26.653940200805664,
            -28.997270584106445,
            -31.40005874633789,
            -33.488121032714844,
            -35.5466194152832,
            -37.597049713134766,
            -39.60385513305664,
            -41.650272369384766,
            -43.62971496582031,
            -45.47698211669922,
            -47.2705192565918,
            -49.048789978027344,
            -50.71414566040039,
            -52.32209396362305,
            -53.87433624267578,
            -55.36979675292969,
            -56.8643798828125,
            -58.2523193359375,
            -59.60832595825195,
            -60.92360305786133,
            -62.16028594970703,
            -63.349525451660156,
            -64.4911117553711,
            -65.62487030029297,
            -66.7104263305664,
            -67.67747497558594,
            -68.68443298339844,
            -69.64510345458984,
            -70.5418472290039,
            -71.39173889160156,
            -72.1824951171875,
            -72.96623992919922,
            -73.69325256347656,
            -74.37498474121094,
            -75.0020980834961,
            -75.601318359375,
            -76.17894744873047,
            -76.71526336669922,
            -77.21118927001953,
            -77.68604278564453,
            -78.12959289550781,
            -78.52423858642578,
            -78.89155578613281,
            -79.2220458984375,
            -79.53419494628906,
            -79.8122329711914,
            -80.06336212158203,
            -80.28789520263672,
            -80.482177734375,
            -80.6513671875,
            -80.7978515625,
            -80.92162322998047,
            -81.02154541015625,
            -81.09854125976562,
            -81.15326690673828,
            -81.18501281738281,
            -81.1930923461914,
            -81.18658447265625,
            -81.18544006347656,
            -81.18544006347656,
            -81.18544006347656,
            -81.18544006347656,
            -81.18544006347656,
            -81.18544006347656,
            -81.18544006347656,
            -81.18544006347656,
            -81.18544006347656,
            -81.18544006347656,
            -81.18544006347656,
            -81.18544006347656,
            -81.18544006347656,
            -81.18544006347656,
            -81.18544006347656,
            -81.18544006347656,
            -81.18544006347656,
            -81.18544006347656,
            -81.18544006347656,
            -81.18544006347656,
            -81.18544006347656,
            -81.18544006347656,
            -81.18544006347656,
            -81.18544006347656,
            -81.18544006347656,
            -81.18544006347656,
            -81.18544006347656,
            -81.18544006347656,
            -81.18544006347656,
            -81.18544006347656,
            -81.18544006347656,
            -81.18544006347656,
            -81.18544006347656,
            -81.18544006347656,
            -81.18544006347656,
            -81.18544006347656,
            -81.18544006347656,
            -81.18544006347656,
            -81.18544006347656,
            -81.18544006347656,
            -81.18544006347656,
            -81.18544006347656,
            -81.18544006347656,
            -81.18544006347656,
            -81.18544006347656,
            -81.18544006347656,
            -81.18544006347656,
            -81.18544006347656,
            -81.18544006347656,
            -81.18544006347656,
            -81.18544006347656,
            -81.18544006347656,
            -81.18544006347656,
            -81.18544006347656,
            -81.18544006347656,
            -81.18544006347656,
            -81.18544006347656,
            -81.18544006347656,
            -81.18544006347656,
            -81.18544006347656,
            -81.18544006347656
        ],