{
    "test time": "03-11-23 21-04-47",
    "data": {
        "velocity setpoint": 0,
        "motor pos": [
            3.0517569030052982e-05,
            3.0517569030052982e-05,
            3.0517569030052982e-05,
            3.0517569030052982e-05,
            3.0517569030052982e-05,
            3.0517569030052982e-05,
            3.0517569030052982e-05,
            3.0517569030052982e-05,
            3.0517569030052982e-05,
            3.0517569030052982e-05,
            3.0517569030052982e-05,
            3.0517569030052982e-05,
            3.0517569030052982e-05,
            3.0517569030052982e-05,
            3.0517569030052982e-05,
            3.0517569030052982e-05,
            3.0517569030052982e-05,
            3.0517569030052982e-05,
            3.0517569030052982e-05,
            3.0517569030052982e-05,
            3.0517569030052982e-05,
            3.0517569030052982e-05,
            3.0517569030052982e-05,
            3.0517569030052982e-05,
            3.0517569030052982e-05,
            3.0517569030052982e-05,
            3.0517569030052982e-05,
            3.0517569030052982e-05,
            3.0517569030052982e-05,
            3.0517569030052982e-05,
            3.0517569030052982e-05,
            3.0517569030052982e-05,
            3.0517569030052982e-05,
            3.0517569030052982e-05,
            3.0517569030052982e-05,
            3.0517569030052982e-05,
            3.0517569030052982e-05,
            3.0517569030052982e-05,
            3.0517569030052982e-05,
            3.0517569030052982e-05,
            3.0517569030052982e-05,
            0.000213623046875,
            3.0517569030052982e-05,
            3.0517569030052982e-05,
            3.0517569030052982e-05,
            3.0517569030052982e-05,
            3.0517569030052982e-05,
            3.0517569030052982e-05,
            3.0517569030052982e-05,
            3.0517569030052982e-05,
            3.0517569030052982e-05,
            3.0517569030052982e-05,
            3.0517569030052982e-05,
            3.0517569030052982e-05,
            3.0517569030052982e-05,
            3.0517569030052982e-05,
            3.0517569030052982e-05,
            3.0517569030052982e-05,
            3.0517569030052982e-05,
            3.0517569030052982e-05,
            3.0517569030052982e-05,
            3.0517569030052982e-05,
            3.0517569030052982e-05,
            3.0517569030052982e-05,
            3.0517569030052982e-05,
            3.0517569030052982e-05,
            3.0517569030052982e-05,
            3.0517569030052982e-05,
            3.0517569030052982e-05,
            3.0517569030052982e-05,
            3.0517569030052982e-05,
            3.0517569030052982e-05,
            3.0517569030052982e-05,
            3.0517569030052982e-05,
            3.0517569030052982e-05,
            3.0517569030052982e-05,
            3.0517569030052982e-05,
            3.0517569030052982e-05,
            3.0517569030052982e-05,
            3.0517569030052982e-05,
            3.0517569030052982e-05,
            3.0517569030052982e-05,
            3.0517569030052982e-05,
            3.0517569030052982e-05,
            3.0517569030052982e-05,
            3.0517569030052982e-05,
            3.0517569030052982e-05,
            3.0517569030052982e-05,
            3.0517569030052982e-05,
            3.0517569030052982e-05,
            3.0517569030052982e-05,
            3.0517569030052982e-05,
            3.0517569030052982e-05,
            3.0517569030052982e-05,
            3.0517569030052982e-05,
            3.0517569030052982e-05,
            3.0517569030052982e-05,
            3.0517569030052982e-05,
            3.0517569030052982e-05,
            3.0517569030052982e-05,
            3.0517569030052982e-05,
            3.0517569030052982e-05,
            3.0517569030052982e-05,
            3.0517569030052982e-05,
            3.0517569030052982e-05,
            3.0517569030052982e-05,
            3.0517569030052982e-05,
            3.0517569030052982e-05,
            3.0517569030052982e-05,
            3.0517569030052982e-05,
            3.0517569030052982e-05,
            3.0517569030052982e-05,
            3.0517569030052982e-05,
            3.0517569030052982e-05
        ],
        "engine pos": [
            3.377714157104492,
            3.377714157104492,
            3.377714157104492,
            3.377714157104492,
            3.377714157104492,
            3.377714157104492,
            3.377714157104492,
            3.377592086791992,
            3.377592086791992,
            3.377592086791992,
            3.377592086791992,
            3.377777099609375,
            3.377777099609375,
            3.377777099609375,
            3.377777099609375,
            3.377777099609375,
            3.377777099609375,
            3.377777099609375,
            3.377777099609375,
            3.377777099609375,
            3.377777099609375,
            3.377777099609375,
            3.377777099609375,
            3.377777099609375,
            3.377777099609375,
            3.377777099609375,
            3.377777099609375,
            3.377777099609375,
            3.377777099609375,
            3.377777099609375,
            3.377777099609375,
            3.3805294036865234,
            3.3904590606689453,
            3.4072704315185547,
            3.4195117950439453,
            3.426027297973633,
            3.4392318725585938,
            3.4522342681884766,
            3.463214874267578,
            3.479257583618164,
            3.511821746826172,
            3.5603275299072266,
            3.5825672149658203,
            3.6160335540771484,
            3.6553516387939453,
            3.7072010040283203,
            3.7773799896240234,
            3.873018264770508,
            3.9647750854492188,
            4.021970748901367,
            4.038932800292969,
            4.038602828979492,
            4.038249969482422,
            4.038114547729492,
            4.037870407104492,
            4.037870407104492,
            4.037870407104492,
            4.037744522094727,
            4.037748336791992,
            4.037748336791992,
            4.037748336791992,
            4.037635803222656,
            4.03770637512207,
            4.038421630859375,
            4.038421630859375,
            4.038421630859375,
            4.038421630859375,
            4.038421630859375,
            4.038236618041992,
            4.038114547729492,
            4.038114547729492,
            4.038114547729492,
            4.038114547729492,
            4.037992477416992,
            4.037992477416992,
            4.037992477416992,
            4.037992477416992,
            4.037992477416992,
            4.037992477416992,
            4.037992477416992,
            4.037992477416992,
            4.037992477416992,
            4.037992477416992,
            4.037992477416992,
            4.037992477416992,
            4.037992477416992,
            4.037992477416992,
            4.037992477416992,
            4.037992477416992,
            4.037992477416992,
            4.037992477416992,
            4.037992477416992,
            4.037992477416992,
            4.037992477416992,
            4.037992477416992,
            4.037992477416992,
            4.037992477416992,
            4.037992477416992,
            4.037992477416992,
            4.037992477416992,
            4.037992477416992,
            4.037992477416992,
            4.037992477416992,
            4.037992477416992,
            4.037992477416992,
            4.037992477416992,
            4.037992477416992,
            4.037992477416992,
            4.037992477416992,
            4.037992477416992,
            4.037992477416992,
            4.037992477416992,
            4.037992477416992,
            4.037992477416992
        ],