{
    "test time": "03-11-23 21-04-26",
    "data": {
        "velocity setpoint": 0,
        "motor pos": [
            3.0517569030052982e-05,
            3.0517569030052982e-05,
            3.0517569030052982e-05,
            3.0517569030052982e-05,
            3.0517569030052982e-05,
            3.0517569030052982e-05,
            3.0517569030052982e-05,
            3.0517569030052982e-05,
            3.0517569030052982e-05,
            3.0517569030052982e-05,
            3.0517569030052982e-05,
            3.0517569030052982e-05,
            3.0517569030052982e-05,
            3.0517569030052982e-05,
            3.0517569030052982e-05,
            3.0517569030052982e-05,
            3.0517569030052982e-05,
            3.0517569030052982e-05,
            3.0517569030052982e-05,
            3.0517569030052982e-05,
            3.0517569030052982e-05,
            3.0517569030052982e-05,
            3.0517569030052982e-05,
            3.0517569030052982e-05,
            3.0517569030052982e-05,
            3.0517569030052982e-05,
            3.0517569030052982e-05,
            3.0517569030052982e-05,
            3.0517569030052982e-05,
            3.0517569030052982e-05,
            3.0517569030052982e-05,
            3.0517569030052982e-05,
            3.0517569030052982e-05,
            3.0517569030052982e-05,
            3.0517569030052982e-05,
            3.0517569030052982e-05,
            3.0517569030052982e-05,
            3.0517569030052982e-05,
            3.0517569030052982e-05,
            3.0517569030052982e-05,
            3.0517569030052982e-05,
            3.0517569030052982e-05,
            3.0517569030052982e-05,
            3.0517569030052982e-05,
            3.0517569030052982e-05,
            3.0517569030052982e-05,
            3.0517569030052982e-05,
            3.0517569030052982e-05,
            3.0517569030052982e-05,
            3.0517569030052982e-05,
            3.0517569030052982e-05,
            3.0517569030052982e-05,
            3.0517569030052982e-05,
            3.0517569030052982e-05,
            3.0517569030052982e-05,
            3.0517569030052982e-05,
            3.0517569030052982e-05,
            3.0517569030052982e-05,
            3.0517569030052982e-05,
            3.0517569030052982e-05,
            3.0517569030052982e-05,
            3.0517569030052982e-05,
            3.0517569030052982e-05,
            3.0517569030052982e-05,
            3.0517569030052982e-05,
            3.0517569030052982e-05,
            3.0517569030052982e-05,
            3.0517569030052982e-05,
            3.0517569030052982e-05,
            3.0517569030052982e-05,
            3.0517569030052982e-05,
            3.0517569030052982e-05,
            3.0517569030052982e-05,
            3.0517569030052982e-05,
            3.0517569030052982e-05,
            3.0517569030052982e-05,
            3.0517569030052982e-05,
            3.0517569030052982e-05,
            3.0517569030052982e-05,
            3.0517569030052982e-05,
            3.0517569030052982e-05
        ],
        "engine pos": [
            2.738920211791992,
            2.738920211791992,
            2.738920211791992,
            2.738920211791992,
            2.738920211791992,
            2.738920211791992,
            2.738920211791992,
            2.738920211791992,
            2.738920211791992,
            2.738920211791992,
            2.738920211791992,
            2.738920211791992,
            2.738920211791992,
            2.738920211791992,
            2.738920211791992,
            2.738920211791992,
            2.738920211791992,
            2.738920211791992,
            2.738920211791992,
            2.738920211791992,
            2.738920211791992,
            2.738920211791992,
            2.738920211791992,
            2.738920211791992,
            2.738920211791992,
            2.738920211791992,
            2.738920211791992,
            2.738920211791992,
            2.738920211791992,
            2.738920211791992,
            2.738920211791992,
            2.738920211791992,
            2.738920211791992,
            2.738920211791992,
            2.738920211791992,
            2.738584518432617,
            2.738454818725586,
            2.7458114624023438,
            2.779775619506836,
            2.834819793701172,
            2.912260055541992,
            3.0038089752197266,
            3.120859146118164,
            3.249429702758789,
            3.3364944458007812,
            3.3780155181884766,
            3.379789352416992,
            3.380218505859375,
            3.380218505859375,
            3.380218505859375,
            3.380147933959961,
            3.377958297729492,
            3.377714157104492,
            3.377714157104492,
            3.377714157104492,
            3.377714157104492,
            3.377714157104492,
            3.377714157104492,
            3.377714157104492,
            3.377714157104492,
            3.377714157104492,
            3.377714157104492,
            3.377714157104492,
            3.377714157104492,
            3.377714157104492,
            3.377714157104492,
            3.377714157104492,
            3.377714157104492,
            3.377714157104492,
            3.377714157104492,
            3.377714157104492,
            3.377714157104492,
            3.377714157104492,
            3.377714157104492,
            3.377714157104492,
            3.377714157104492,
            3.377714157104492,
            3.377714157104492,
            3.377714157104492,
            3.377714157104492,
            3.377714157104492
        ],
        "times": [
            28089000,
            56339000,
            86270000,
            116440000,
            142975000,
            169640000,
            196104000,
            224299000,
            252054000,
            278324000,
            305304000,
            330946000,
            358480000,
            384744000,
            411337000,
            439764000,
            467768000,
            496788000,
            525778000,
            554271000,
            583191000,
            612807000,
            641484000,
            668154000,
            696754000,
            724750000,
            751849000,
            780742000,
            808753000,
            837740000,
            865740000,
            893740000,
            922739000,
            951784000,
            981209000,
            1009756000,
            1038757000,
            1067733000,
            1095601000,
            1123758000,
            1151910000,
            1178669000,
            1204923000,
            1231996000,
            1258730000,
            1286748000,
            1315726000,
            1344764000,
            1373729000,
            1402730000,
            1431716000,
            1460715000,
            1489714000,
            1518713000,
            1547833000,
            1576758000,
            1605718000,
            1634704000,
            1662701000,
            1690721000,
            1719715000,
            1748716000,
            1777139000,
            1806955000,
            1835420000,
            1863567000,
            1891729000,
            1920736000,
            1949887000,
            1978739000,
            2007514000,
            2035955000,
            2065713000,
            2094820000,
            2120844000,
            2146693000,
            2172654000,
            2201688000,
            2228786000,
            2257764000,
            2286689000
        ],