{
    "test time": "03-11-23 21-03-54",
    "data": {
        "velocity setpoint": 0,
        "motor pos": [
            0.0,
            0.0,
            0.0,
            0.0,
            0.0,
            0.0,
            0.0,
            0.0,
            0.0,
            0.0,
            0.0,
            0.0,
            0.0,
            0.0,
            0.0,
            0.0,
            0.0,
            0.0,
            0.0,
            0.0,
            0.0,
            0.0,
            0.0,
            0.0,
            0.0,
            0.0,
            0.0,
            0.0,
            0.0,
            0.0,
            0.0,
            0.0,
            0.0,
            0.0,
            0.0,
            0.0,
            0.0,
            0.0,
            0.0,
            0.0,
            0.0,
            0.0,
            0.0,
            0.0,
            0.0,
            0.0,
            0.0,
            0.0,
            0.0,
            0.0,
            0.0,
            0.0,
            0.0,
            0.0,
            0.000213623046875,
            2.47955322265625e-05,
            3.0517569030052982e-05,
            3.0517569030052982e-05,
            3.0517569030052982e-05,
            3.0517569030052982e-05,
            3.0517569030052982e-05,
            3.0517569030052982e-05,
            3.0517569030052982e-05,
            3.0517569030052982e-05,
            3.0517569030052982e-05,
            3.0517569030052982e-05,
            3.0517569030052982e-05,
            3.0517569030052982e-05,
            3.0517569030052982e-05,
            3.0517569030052982e-05,
            3.0517569030052982e-05,
            3.0517569030052982e-05,
            3.0517569030052982e-05,
            3.0517569030052982e-05,
            3.0517569030052982e-05,
            3.0517569030052982e-05,
            3.0517569030052982e-05,
            3.0517569030052982e-05,
            3.0517569030052982e-05,
            3.0517569030052982e-05,
            3.0517569030052982e-05,
            3.0517569030052982e-05,
            3.0517569030052982e-05,
            3.0517569030052982e-05,
            3.0517569030052982e-05,
            3.0517569030052982e-05,
            3.0517569030052982e-05,
            3.0517569030052982e-05,
            3.0517569030052982e-05,
            3.0517569030052982e-05,
            3.0517569030052982e-05,
            3.0517569030052982e-05,
            3.0517569030052982e-05,
            3.0517569030052982e-05,
            3.0517569030052982e-05,
            3.0517569030052982e-05,
            3.0517569030052982e-05,
            3.0517569030052982e-05,
            3.0517569030052982e-05,
            3.0517569030052982e-05,
            3.0517569030052982e-05,
            3.0517569030052982e-05,
            3.0517569030052982e-05,
            3.0517569030052982e-05,
            3.0517569030052982e-05,
            3.0517569030052982e-05,
            3.0517569030052982e-05,
            3.0517569030052982e-05,
            3.0517569030052982e-05,
            3.0517569030052982e-05,
            3.0517569030052982e-05,
            3.0517569030052982e-05,
            3.0517569030052982e-05,
            3.0517569030052982e-05,
            3.0517569030052982e-05
        ],
        "engine pos": [
            0.0,
            0.0,
            0.0,
            0.0,
            0.0,
            0.0,
            0.0,
            0.0,
            0.0,
            0.0,
            0.0,
            0.0,
            0.0,
            0.0,
            0.0,
            0.0,
            0.0,
            0.0,
            0.0,
            0.0,
            0.0,
            0.0,
            0.0,
            0.0,
            0.0,
            0.0,
            0.0,
            0.0,
            0.0,
            0.0,
            0.0,
            0.0,
            0.0,
            0.0,
            0.0,
            0.0,
            0.0,
            0.0,
            0.0,
            0.0,
            0.0,
            0.0,
            0.000701904296875,
            0.0008831024169921875,
            0.008251190185546875,
            0.03424835205078125,
            0.0453948974609375,
            0.0543975830078125,
            0.06996917724609375,
            0.08188438415527344,
            0.08999443054199219,
            0.1098785400390625,
            0.15200042724609375,
            0.220916748046875,
            0.30942535400390625,
            0.3695869445800781,
            0.40471458435058594,
            0.4462299346923828,
            0.49852752685546875,
            0.5720233917236328,
            0.6662464141845703,
            0.7823638916015625,
            0.9342384338378906,
            1.1084842681884766,
            1.2580432891845703,
            1.3904895782470703,
            1.4929771423339844,
            1.5651493072509766,
            1.5955677032470703,
            1.5961360931396484,
            1.5960979461669922,
            1.5959758758544922,
            1.5959758758544922,
            1.5959758758544922,
            1.5959758758544922,
            1.5959758758544922,
            1.5959758758544922,
            1.5959758758544922,
            1.5958423614501953,
            1.5957279205322266,
            1.5939006805419922,
            1.5939006805419922,
            1.5939006805419922,
            1.5939006805419922,
            1.5939006805419922,
            1.5939006805419922,
            1.5939006805419922,
            1.5939006805419922,
            1.5939006805419922,
            1.5939006805419922,
            1.5939006805419922,
            1.5939006805419922,
            1.5939006805419922,
            1.5939006805419922,
            1.5939006805419922,
            1.5939006805419922,
            1.5939006805419922,
            1.5939006805419922,
            1.5939006805419922,
            1.5939006805419922,
            1.5939006805419922,
            1.5939006805419922,
            1.5939006805419922,
            1.5939006805419922,
            1.5939006805419922,
            1.5939006805419922,
            1.5939006805419922,
            1.5939006805419922,
            1.5939006805419922,
            1.5939006805419922,
            1.5939006805419922,
            1.5939006805419922,
            1.5939006805419922,
            1.5939006805419922,
            1.5939006805419922,
            1.5939006805419922
        ],